gene_name	n_syn	n_mis	n_non	n_spl	n_ind	wmis_cv	wnon_cv	wspl_cv	wind_cv	pmis_cv	ptrunc_cv	pallsubs_cv	pind_cv	qmis_cv	qtrunc_cv	qallsubs_cv	qind_cv	pglobal_cv	qglobal_cv
PTPN11	0	75	0	0	0	44.43880745389348	0	0	0	0	0.5544633591012406	0	1	0	0.8696476808000038	0	1	0	0
NF1	9	82	20	10	27	3.802681561056365	14.779957138820365	14.779957138820365	5.964113316261204	3.220979039042504e-12	0	0	0.02221298798505846	4.3644265979025926e-10	0	0	1	0	0
CUL3	1	18	16	3	23	3.189508179913568	32.310873570255424	32.310873570255424	18.762986168577847	3.4847397896642374e-4	0	0	1.705146946933654e-4	0.00858513166362734	0	0	0.04620948226190202	0	0
RASA2	0	10	11	7	10	2.3523259914436445	25.233519236315917	25.233519236315917	7.37175515436385	0.03271781872624491	0	1.1102230246251563e-16	0.01649554616551248	0.25874786835357066	0	7.521760991835436e-15	1	1.1102230246251563e-16	7.521760991835436e-15
PTEN	0	16	4	1	4	6.980690671730088	17.559667474720655	17.559667474720655	6.211251125112512	7.706788485162265e-8	1.783455266302081e-5	2.964959389117894e-10	0.0408555724973224	2.9836281135413908e-6	6.904519673826627e-4	1.6070079889018984e-8	1	3.1660718491366424e-10	1.7160109422320603e-8
RIT1	1	20	0	0	1	8.310128009619673	0	0	2.6469888761028004	2.0128643196670734e-10	0.4229614596522907	9.788595489723662e-10	0.23692902431179544	1.8182874354325897e-8	0.8696476808000038	4.4211822961918536e-8	1	5.376984302252197e-9	2.428604576517242e-7
DDX3X	0	12	5	2	4	3.4981067806394823	25.80491081567321	25.80491081567321	3.784834773070067	0.00113994290815921	3.4762891454320766e-8	5.485832565987891e-9	0.09076589113201852	0.02376342523931911	2.355185896030232e-6	1.6518451393141317e-7	1	1.1163794888524592e-8	4.321983449700235e-7
FGFR3	8	40	1	1	1	4.462686170700793	4.351415614138264	4.351415614138264	0.7754466794021802	4.3222536660891814e-10	0.09834685895474016	1.8486634445480375e-9	0.4474478958143785	2.607600775306196e-8	0.8696476808000038	7.156968478178833e-8	1	1.812600625150651e-8	6.14018461769783e-7
KRAS	1	14	0	0	0	12.031061236020252	0	0	0	4.811071541155343e-10	0.6472870137609449	3.2988211051687703e-9	1	2.607600775306196e-8	0.8696476808000038	1.117475649375921e-7	1	6.77238098933941e-8	2.0392391645677557e-6
HRAS	0	16	0	0	1	8.503159485857962	0	0	3.3017703349282295	5.640205635870643e-9	0.673725823671706	3.701048012505481e-8	0.2044641212188308	2.5474928788682405e-7	0.8696476808000038	1.0029840113889854e-6	1	1.490717789209839e-7	4.039845208758663e-6
BRAF	1	24	0	0	1	4.899999030805015	0	0	0.8179092094346332	1.06592260684657e-7	0.21031346317006097	2.0667921818429138e-7	0.43800429660041984	3.610812830692755e-6	0.8696476808000038	5.091824375267541e-6	1	1.5586493120611775e-6	3.83994512335072e-5
ARID1A	8	19	9	3	7	1.0160904232212535	8.71321649309346	8.71321649309346	1.9209774914499325	0.9557401803745932	1.3796351217010286e-7	6.095592878230249e-7	0.18551851511551493	0.9773795806849612	7.477622359619574e-6	1.3765880583336646e-5	1	1.9218863792636043e-6	4.340260073170306e-5
PPM1D	1	5	7	0	5	1.0877988900842137	12.01169651508109	12.01169651508109	5.176042604260426	0.8643133236090421	5.8136185322466005e-6	3.3235515776941504e-5	0.0502737712807035	0.9639049822965036	2.625817703731381e-4	6.004549850367432e-4	1	2.389712305383984e-5	4.981631036608152e-4
FGFR2	3	27	0	0	0	4.022107909863843	0	0	0	6.966686866283212e-7	0.3073533200402758	1.9731447360449295e-6	1	2.0977468230697225e-5	0.8696476808000038	4.1132478728321225e-5	1	2.7892141108876167e-5	5.39912160036103e-4
CBL	1	22	3	2	0	3.1726855757415175	7.168048815107397	7.168048815107397	0	1.2614723865067567e-4	0.00123238998705288	1.3842574919320503e-5	1	0.00341859016743331	0.02783147387427763	2.679527002239898e-4	1	1.6871000271456715e-4	0.00304802738237651
EP300	6	40	5	2	9	2.1249831589411228	4.381899732868455	4.381899732868455	2.337899491812536	0.00151659584032248	0.00264259399273514	3.2540946606318677e-4	0.14514451008908952	0.02739983151515961	0.05388794722716345	0.00489922029461797	1	5.176774506253645e-4	0.00876816181996711
KDM5C	5	19	3	1	0	2.757530077353457	7.647781636113657	7.647781636113657	0	0.00103845353955622	0.00278387919254718	1.2628282695759108e-4	1	0.02345174243497814	0.05388794722716345	0.00213891538159419	1	0.00125992206076075	0.02008463990977437
KMT2D	10	67	10	1	3	1.7138109429778006	4.213466904338799	4.213466904338799	0.33983551659607997	0.00803931454248907	2.9003014575812447e-4	2.8353167654915357e-4	0.5463813430489365	0.10374544004831138	0.00941359384874911	0.0045198284908718	1	0.00151394003439364	0.02279320829559322
BMPR2	5	12	5	1	6	1.192145435295521	6.710093342736352	6.710093342736352	3.622731647563216	0.6109377264773921	5.797533614658734e-4	0.00267812777478149	0.08536905434282395	0.89980502106181115	0.01571131609572517	0.03456060128408496	1	0.00214532160936553	0.03059906084937159
AR	1	7	0	3	2	2.5621264558907852	16.100245047965856	16.100245047965856	1.3622939492646335	0.04447114340845748	0.00103853608350845	8.705333740599563e-4	0.29545279697303495	0.30129199659229944	0.02558575260279925	0.01241655496685516	1	0.00238313943432066	0.03229153933504507
CTNNB1	1	10	4	2	2	1.2240837438202063	7.613263482044897	7.613263482044897	1.6044408277144853	0.5919882794601757	3.1262857800273824e-4	0.00150451450239808	0.26421299396315906	0.8777782780431759	0.00941359384874911	0.02038617150749398	1	0.00351014662549775	0.045297606452852
NSD1	8	37	7	0	9	1.7611472890227764	4.031934379274339	4.031934379274339	2.093447264637476	0.01795695107558936	0.00409952068139829	0.00288052687406248	0.1651044498662943	0.18098921544924548	0.07406467364392919	0.03548285376686059	1	0.00411429061747559	0.05068057987890387
KMT2E	3	13	3	2	15	1.019519886835471	4.724704817370058	4.724704817370058	5.061885666780772	0.954026284981876	0.00754363974969785	0.02669966433580584	0.03701386340848833	0.9773795806849612	0.12777039826050737	0.21926087984858736	1	0.00782657333105973	0.09221745098770388
FAT1	19	82	5	0	18	1.6870146663777612	2.048340459754924	2.048340459754924	2.4606786980724658	0.00417033020922597	0.16642090661238362	0.01154243575176949	0.12859181998114091	0.0701658686325642	0.8696476808000038	0.13033333703039723	1	0.01115102470449536	0.12591365395492676
ARHGAP35	3	26	4	0	7	1.6893906232960356	4.6655275630681325	4.6655275630681325	2.927569696969697	0.05570214611676527	0.01686944401895385	0.01637827785860213	0.1123902671305409	0.3681775999425216	0.26891878406685255	0.15851833213147062	1	0.01343308122825204	0.14561460051425212
SMAD4	0	14	0	0	0	3.1861398727290813	0	0	0	0.00124463593611323	0.42747454710869925	0.00359480217762808	1	0.02409259562047765	0.8696476808000038	0.04235614739727007	1	0.02382730618812434	0.23946200433693665
TET2	4	39	2	1	4	1.9927633941630312	2.367271272577077	2.367271272577077	1.2397951850521025	0.00450649164255823	0.2046613453251881	0.01257938374608602	0.28620063729141487	0.0701658686325642	0.8696476808000038	0.13636051980757252	1	0.0238578380704697	0.23946200433693665
ASXL1	2	26	2	0	4	2.090659879558315	2.320527065931516	2.320527065931516	1.627331682584601	0.00792556994610849	0.3065117499176514	0.02302220808855915	0.23142871583340455	0.10374544004831138	0.8696476808000038	0.1949693247499853	1	0.03321890463462818	0.31328498809075583
MAP2K1	1	7	1	0	2	2.9243113532766687	5.487689021398978	5.487689021398978	3.1844485463774803	0.02380023720531088	0.18656519049199316	0.03648868212788447	0.14762186614904263	0.2224091131944569	0.8696476808000038	0.2602219172804393	1	0.03352496182521003	0.31328498809075583
NOTCH1	20	49	0	0	1	1.6288737757933909	0	0	0.2454367619860578	0.01809089883791381	0.11926196313271507	0.01330671567303154	0.6334952209679803	0.18098921544924548	0.8696476808000038	0.1386969210535211	1	0.04869009221275511	0.4398338329885545
GNA13	0	6	2	0	1	1.953941154758355	9.688410465523605	9.688410465523605	1.6596200096200096	0.16945354831232495	0.020443107539866	0.03116113664201569	0.3129810263838556	0.6488967402379572	0.3077823412946492	0.24127622942817867	1	0.05491042908605459	0.4800234284619611
KDM6A	1	12	0	0	1	2.5237995810815192	0	0	0.4452351764629977	0.01307610307346929	0.28830540762863877	0.0229253754819122	0.5424306632625426	0.14765099720459074	0.8696476808000038	0.1949693247499853	1	0.06699220362152869	0.5508129350173542
MAP2K2	3	8	0	0	1	3.036933958570326	0	0	1.5644298345046477	0.01304645736835086	0.5852887744813711	0.03853896846562077	0.3231503980088408	0.14765099720459074	0.8696476808000038	0.2677964219021341	1	0.0670731618286815	0.5508129350173542
B2M	0	4	0	0	1	3.990704452891148	0	0	5.10029563932003	0.02933418998991677	0.7299297658689444	0.08713378029420582	0.14893231544117183	0.24842392147710765	0.8696476808000038	0.49194280124437034	1	0.0693567269797668	0.5528139121034354
RAF1	0	14	0	0	0	2.5261250263659356	0	0	0	0.00860298491003208	0.25792219898498914	0.01400158983099209	1	0.1059731323008498	0.8696476808000038	0.14053447571106875	1	0.07376855770916546	0.5711794039766811
PCBP1	1	5	0	0	0	5.311867140354348	0	0	0	0.0046604635992109	0.8165736000689058	0.01769897184717872	1	0.0701658686325642	0.8851084159952816	0.16539384036501498	1	0.08910102652307206	0.6707327274375702
KMT2C	9	49	6	2	3	1.4598985418148174	2.7227337863715553	2.7227337863715553	0.37875006860718263	0.08643234291478341	0.02201001380867706	0.03538201521362116	0.5274325348065377	0.49729970752452274	0.3139323022184992	0.2591493546727388	1	0.0929588952643604	0.6808610977470722
FUBP1	0	10	0	0	1	2.435916890120105	0	0	0.941946491946492	0.02670768220670349	0.32795963007731854	0.04832957050870268	0.4128726415933457	0.23347683477473055	0.8696476808000038	0.30494426741309544	1	0.09806028752770736	0.6993246821054919
RPL5	2	0	0	0	1	0	0	0	2.105155582672362	0.03290868497106769	0.47787729956886016	0.08150353157871537	0.2731469073474906	0.25874786835357066	0.8696476808000038	0.4699458948474865	1	0.10696777195492024	0.7040040244252969
ZFP36L2	2	6	0	0	2	2.775938324591211	0	0	2.534692378328742	0.04298214946337853	0.7561607157596179	0.12214631863347147	0.18309428352316068	0.2986708334506559	0.8719981020036445	0.6245594782956749	1	0.10735508315951892	0.7040040244252969
CTCF	4	16	0	1	0	2.431511991771991	2.2751370165112577	2.2751370165112577	0	0.00683457654251618	0.47398252621994286	0.02237424637831331	1	0.09748264436957288	0.8696476808000038	0.1949693247499853	1	0.10739290782394706	0.7040040244252969
RB1	0	2	2	1	1	0.4440771396562953	4.442338148557652	4.442338148557652	0.6752813386828457	0.2139549069940958	0.04298095543998792	0.04838599077034356	0.4717626800989211	0.6530282364699684	0.5294472238289422	0.30494426741309544	1	0.10910763478178032	0.7040040244252969
CXCR4	1	2	1	0	2	0.5201146057503355	7.140299363996619	7.140299363996619	3.5144894321364912	0.3270037583889156	0.1394505711942493	0.1964139795394726	0.1335687548486871	0.7446892312890431	0.8696476808000038	0.7607658944197956	1	0.12174690336495364	0.7634284864365035
BCOR	2	17	0	0	1	2.050241591562002	0	0	0.35725305446262173	0.02502538946347632	0.34408471783773453	0.04646810609306162	0.5776484952023525	0.22606268482006944	0.8696476808000038	0.30494426741309544	1	0.12395148857271644	0.7634284864365035
SFTPB	4	0	0	1	0	0	3.7495369051771297	3.7495369051771297	0	0.01626721130852415	0.2817419602348116	0.02904499888307588	1	0.17633657058440183	0.8696476808000038	0.23150572639157535	1	0.131832605847638	0.7939252485491088
H3F3B	2	3	0	0	1	3.4997236429611447	0	0	4.579097544790976	0.0796597145527399	0.7701842830436115	0.20559917420553545	0.16161199376848293	0.4692996226911416	0.8736005469195196	0.7738524473569458	1	0.14634574460059868	0.8491147482569881
SMARCA4	5	14	4	0	2	1.0153415805705557	4.1059062996380655	4.1059062996380655	0.7468290043290043	0.9624444515306534	0.02586970914603581	0.08109750582573638	0.4130481828118354	0.9782577777576512	0.35053455892878527	0.4699458948474865	1	0.1472634434246437	0.8491147482569881
RXRA	2	0	1	0	0	0	29.776054068749815	29.776054068749815	0	0.17654521002972037	0.02811682713791785	0.03487782883607326	1	0.6488967402379572	0.36284095973217806	0.2591493546727388	1	0.15192447164638	0.8577402461701871
GNB1	2	9	0	0	0	2.6922536546251026	0	0	0	0.01869999274014344	0.4180013977915291	0.04271089720881638	1	0.18098921544924548	0.8696476808000038	0.289366328589731	1	0.17739122009028918	0.9810820539687424
PIK3R3	1	5	0	2	2	1.3791971916196684	3.9275698859195343	3.9275698859195343	2.4698282032927703	0.5252619141687933	0.12061380226242067	0.25988647563231937	0.18736538173890696	0.8575058960225481	0.8696476808000038	0.8635161564200255	1	0.19585616061776337	0.9999475225240652
ZFHX3	22	57	2	0	7	1.4371017106244934	1.079282483862285	1.079282483862285	1.185570881602199	0.0643564868971298	0.9167974187737284	0.1787142027257671	0.2833152058681622	0.3963774533891404	0.930532211564346	0.7567429521669201	1	0.20167728477456637	0.9999475225240652
CALR	6	3	0	0	3	0.7244956049492355	0	0	4.50241409308395	0.5771293823864618	0.44380570283169984	0.6444258868061319	0.08077917875658522	0.8777782780431759	0.8696476808000038	0.913962197876927	1	0.20590470872051636	0.9999475225240652
MAX	0	3	0	0	1	2.763200089429218	0	0	3.896499153020892	0.14402273789733255	0.5804841170885976	0.2919948691468224	0.18195328559048457	0.6488967402379572	0.8696476808000038	0.8635161564200255	1	0.20906558406304332	0.9999475225240652
SPOP	0	5	1	0	2	1.5848975330600257	3.7882309105461758	3.7882309105461758	3.34579393939394	0.37172644169512936	0.2792337076476006	0.3902977225393656	0.14047759210069768	0.7932115409400006	0.8696476808000038	0.8635161564200255	1	0.21402431799696944	0.9999475225240652
FBXW7	1	9	0	0	2	1.5921551195782568	0	0	1.7721366204417053	0.24725723532120256	0.2391180488885717	0.23777013733349073	0.24568077050735124	0.6668831241654846	0.8696476808000038	0.8368273664594285	1	0.2243258286329881	0.9999475225240652
PKD1	14	40	0	0	3	1.381127779995429	0	0	0.4372697701926326	0.15105355286576885	0.1748246958208779	0.12180662370824248	0.501520834464228	0.6488967402379572	0.8696476808000038	0.6245594782956749	1	0.23185739265185631	0.9999475225240652
GATA3	1	7	0	0	1	2.1829400591494754	0	0	1.409744637385087	0.08991765929410189	0.5626442761985793	0.1965077956065893	0.34127978916852264	0.49729970752452274	0.8696476808000038	0.7607658944197956	1	0.24827853938574151	0.9999475225240652
BAP1	2	15	0	0	0	2.016258077715275	0	0	0	0.03632644443873023	0.3633450201255123	0.06757291077666983	1	0.26327707309392784	0.8696476808000038	0.4161877004653982	1	0.24965136941886923	0.9999475225240652
ZC3H12A	0	11	0	0	0	2.253608209804826	0	0	0	0.03437241055619389	0.4367618752280913	0.07412954077530354	1	0.25874786835357066	0.8696476808000038	0.4464245677801613	1	0.267010244475121	0.9999475225240652
SOCS1	1	0	0	0	1	0	0	0	2.959133790737564	0.15445759986364782	0.8502043818773442	0.35665210251107426	0.22022561656890968	0.6488967402379572	0.8851084159952816	0.8635161564200255	1	0.2783673197352332	0.9999475225240652
TG	12	33	3	2	2	1.3585360492657383	2.3699883915134325	2.3699883915134325	0.45311402212810664	0.2018882868950388	0.10409408546234213	0.1603754969931579	0.506730733658965	0.6530282364699684	0.8696476808000038	0.736639994663488	1	0.2852488942973431	0.9999475225240652
NFE2L2	2	7	0	0	3	1.1295151960594854	0	0	3.1056255625562557	0.7763562354337444	0.37156186891596754	0.6378451464078827	0.12928754953277377	0.9639049822965036	0.8696476808000038	0.913962197876927	1	0.28824770828204016	0.9999475225240652
GPS2	1	5	0	0	1	2.0788148545114007	0	0	1.9126108647450113	0.16794783364657762	0.4642778207666953	0.28862292984124704	0.28897705983487787	0.6488967402379572	0.8696476808000038	0.8635161564200255	1	0.2905879493446192	0.9999475225240652
MED12	6	16	0	0	2	1.3921786063735646	0	0	0.5752740611062482	0.2909472271051571	0.15575442786112748	0.18715623071990972	0.4629015277554308	0.7103306175270051	0.8696476808000038	0.7607658944197956	1	0.29854842994213593	0.9999475225240652
CCND1	0	4	0	0	1	2.3671289158929323	0	0	2.119379606879607	0.14912256073942243	0.6995045782006613	0.3258028911950476	0.27204904824929155	0.6488967402379572	0.8696476808000038	0.8635161564200255	1	0.30341631984232187	0.9999475225240652
SETD2	11	25	0	0	1	1.0585227643228865	0	0	0.24457558036505408	0.8270240926854269	0.05327705283549811	0.14174134061797772	0.6339914176001116	0.9639049822965036	0.6015867216008327	0.6859268447762851	1	0.3063846142794897	0.9999475225240652
PDGFRA	6	17	0	2	2	1.5081360566155797	2.173959549995165	2.173959549995165	1.151075896580484	0.1825109380826453	0.33999926109649203	0.2940760037502047	0.32826554272795744	0.6488967402379572	0.8696476808000038	0.8635161564200255	1	0.32221935955870706	0.9999475225240652
PALB2	4	11	0	0	3	1.2691083691511222	0	0	1.585517347016926	0.5082182637820818	0.24954604368471411	0.39683254075600016	0.24671560169333612	0.8501324284581863	0.8696476808000038	0.8635161564200255	1	0.32541198012698824	0.9999475225240652
CHD4	9	29	0	1	3	1.3844778071553443	0.5136769122605305	0.5136769122605305	0.9696079808908248	0.19999791550272408	0.4639791742047129	0.29005618249509046	0.3454399289760649	0.6530282364699684	0.8696476808000038	0.8635161564200255	1	0.33071189492144626	0.9999475225240652
RET	2	6	0	0	0	2.877327277964994	0	0	0	0.03691708036003416	0.6418771501397831	0.10029349847289948	1	0.26327707309392784	0.8696476808000038	0.5432777016082723	1	0.3309338842219067	0.9999475225240652
TP53	0	6	0	0	1	1.8925840551691764	0	0	1.5922242731887402	0.18916178036457057	0.465841633315201	0.31521125724819044	0.32010884478223733	0.6488967402379572	0.8696476808000038	0.8635161564200255	1	0.3323311820421546	0.9999475225240652
ARID2	11	12	0	0	0	0.6250878007529461	0	0	0	0.14325897805275123	0.09565250094230791	0.10149875139599383	1	0.6488967402379572	0.8696476808000038	0.5432777016082723	1	0.3336983363361097	0.9999475225240652
TMEM121	0	0	0	0	0	0	0	0	0	0.03374769559863833	0.809084640033623	0.10224045307019149	1	0.25874786835357066	0.8841207155206122	0.5432777016082723	1	0.33539243035609134	0.9999475225240652
CDH1	0	4	0	0	1	2.762577628768054	0	0	0.7104602079687018	0.0948745030796152	0.6489403747871423	0.2212811702047955	0.46287066841611935	0.5142198066915143	0.8696476808000038	0.8103675287229675	1	0.33581211446574366	0.9999475225240652
FOXO1	2	3	0	0	1	0.4480563253230364	0	0	0.9563054323725056	0.14183756217859644	0.4139359068517491	0.252374867399632	0.41017360206442377	0.6488967402379572	0.8696476808000038	0.8635161564200255	1	0.33829672031794666	0.9999475225240652
CREBBP	11	24	0	0	1	1.1193955060245218	0	0	0.2567893424626949	0.6692880748996592	0.07451116659779544	0.17111450608743273	0.6270669091730928	0.9215707539269904	0.7855582345346688	0.7479359862853915	1	0.3468077329649868	0.9999475225240652
PIK3R2	3	5	0	0	3	0.9298896392876213	0	0	2.5816311260755707	0.8798641459913752	0.4011735852230964	0.6975144654562047	0.1582799454281257	0.9685107860605612	0.8696476808000038	0.91539286973498	1	0.3536880466555854	0.9999475225240652
APC	13	21	1	1	4	0.6723116909516746	0.7874802290532735	0.7874802290532735	0.8823296253676001	0.1370498837765982	0.7326724697557747	0.32899469741131715	0.35644272563666324	0.6488967402379572	0.8696476808000038	0.8635161564200255	1	0.3686072262587855	0.9999475225240652
NOTCH3	7	12	0	0	1	0.6613387174285974	0	0	0.27017069924046666	0.20783111416754207	0.16021498265024026	0.18936036766462483	0.6197456755434524	0.6530282364699684	0.8696476808000038	0.7607658944197956	1	0.3687947369243878	0.9999475225240652
KAT6B	12	19	2	0	7	0.8603782648876599	1.519184413773105	1.519184413773105	2.1173358464100995	0.5906564508674153	0.5878713335575827	0.7183105898806836	0.16728887091662348	0.8777782780431759	0.8696476808000038	0.91539286973498	1	0.3747821332362264	0.9999475225240652
TNRC6B	11	14	2	1	2	0.7764931909697781	2.338612031126537	2.338612031126537	0.6841181719044315	0.4129466962198301	0.20792416088028853	0.28054584176235364	0.42998260068600536	0.8178482432398463	0.8696476808000038	0.8635161564200255	1	0.3757653813338637	0.9999475225240652
BRCA1	7	16	0	0	3	1.0540809663420962	0	0	0.998413310827104	0.8635735526374821	0.16252297016170614	0.3636184887850623	0.33948392223628454	0.9639049822965036	0.8696476808000038	0.8635161564200255	1	0.3816819922990527	0.9999475225240652
GNAQ	0	4	1	1	0	1.5189801347450833	6.065342037755721	6.065342037755721	0	0.46021645958224	0.05238042497820905	0.12453178261253206	1	0.8178482432398463	0.6015867216008327	0.6249650571851145	1	0.38395568401690694	0.9999475225240652
BRCA2	10	30	4	0	4	1.1490834492977804	2.3778294095244883	2.3778294095244883	0.7339413438272754	0.576438536888406	0.14239707050629302	0.32370803371558754	0.3942152667289941	0.8777782780431759	0.8696476808000038	0.8635161564200255	1	0.3903318102698907	0.9999475225240652
MEN1	2	7	0	0	1	1.8217107536789705	0	0	1.0184031877213695	0.18303569936472663	0.5032368865976763	0.3219878352720682	0.39894584955644286	0.6488967402379572	0.8696476808000038	0.8635161564200255	1	0.39206880712285674	0.9999475225240652
PRKAR1A	0	7	0	0	0	2.190875003730493	0	0	0	0.08942724473074448	0.3121727284813325	0.13242556956321505	1	0.49729970752452274	0.8696476808000038	0.6524968973023869	1	0.4001549162750577	0.9999475225240652
PIK3R1	3	8	1	0	3	1.2523026988631014	1.1686166286958166	1.1686166286958166	2.567543098102443	0.5822575138227123	0.8811454106839239	0.8546710857832405	0.15918276574983295	0.8777782780431759	0.9020606352164208	0.9333376785266692	1	0.4074312195452321	0.9999475225240652
DNMT3A	1	6	1	0	3	0.7810487183136529	1.989641214188196	1.989641214188196	2.061346211291447	0.5751972924117902	0.5419351509494384	0.6912250655446471	0.19727577738655075	0.8777782780431759	0.8696476808000038	0.91539286973498	1	0.40805532306610925	0.9999475225240652
STAG2	2	7	0	0	1	1.691938675144613	0	0	0.494354896482556	0.23938404492723464	0.28521950230540405	0.2682421967284765	0.5251234074819131	0.6668831241654846	0.8696476808000038	0.8635161564200255	1	0.4169445234070095	0.9999475225240652
ATRX	2	10	2	0	4	1.3284105448884165	2.5676462329104868	2.5676462329104868	1.0065565401305474	0.45260790488930736	0.2583481926500901	0.4284251395963433	0.3292023884157378	0.8178482432398463	0.8696476808000038	0.8635849288112688	1	0.4172939210150932	0.9999475225240652
PIK3C2A	3	12	0	0	1	1.1076668402918353	0	0	0.3718650643961848	0.7681029423931516	0.10752271374256284	0.2502016828481892	0.5713638648389844	0.9633983077810764	0.8696476808000038	0.8635161564200255	1	0.42103702994760006	0.9999475225240652
PIK3CD	2	6	0	0	0	2.537439035898826	0	0	0	0.0622779530113533	0.643259163529251	0.15595109417129538	1	0.3938003709794954	0.8696476808000038	0.7324710296263582	1	0.4457414166199888	0.9999475225240652
MYC	3	7	1	0	0	2.0026708840313874	4.7689578192445286	4.7689578192445286	0	0.1259795125366262	0.21732023114458965	0.15676501741080728	1	0.6322305166189944	0.8696476808000038	0.7324710296263582	1	0.447251738932948	0.9999475225240652
HIST1H3B	0	1	0	0	1	1.110419974316956	0	0	4.579097544790976	0.9194718377159704	0.8525314633664753	0.9777966545779732	0.16161199376848293	0.9695597977471906	0.8851084159952816	0.9814181236690028	1	0.4495789862127818	0.9999475225240652
MAP2K4	0	1	0	0	1	0.42505101251689226	0	0	1.5263658482636586	0.33561068095033897	0.46266886668451623	0.4866383256124648	0.3274175175862146	0.7579207878128488	0.8696476808000038	0.8701608987994874	1	0.45199098625233214	0.9999475225240652
LATS2	4	8	0	0	3	0.9919124553128692	0	0	1.728199348860506	0.9837422313939516	0.3948475772058898	0.6962571616813555	0.23010163621493568	0.9943701472047798	0.8696476808000038	0.91539286973498	1	0.4535975776397876	0.9999475225240652
JAK1	1	9	0	0	2	0.9591132031208948	0	0	1.0862967335694609	0.9135948811672904	0.22148745131433467	0.47333203731842166	0.3396316519398972	0.9695597977471906	0.8696476808000038	0.8635849288112688	1	0.4546013285060555	0.9999475225240652
FAM58A	0	2	0	0	1	1.9713732244469897	0	0	2.5398233345601766	0.4002396095770753	0.7541419368187455	0.6671913377749944	0.243283305642867	0.8178482432398463	0.8719981020036445	0.913962197876927	1	0.4574415459486647	0.9999475225240652
MYD88	0	4	0	0	1	1.605669087884195	0	0	1.9727558604917097	0.4060290114705763	0.5280250978197124	0.5739863043228309	0.283829152900144	0.8178482432398463	0.8696476808000038	0.913962197876927	1	0.4585268850490136	0.9999475225240652
PPP6C	1	4	0	0	1	1.558654442822868	0	0	1.82896899019348	0.43353745606092253	0.4559278092260466	0.5496316115750093	0.2964719041434509	0.8178482432398463	0.8696476808000038	0.9138047039069171	1	0.45859271937830126	0.9999475225240652
MYOD1	0	0	0	0	0	0	0	0	0	0.06248492971261366	0.7284077199144086	0.16672777779134562	1	0.3938003709794954	0.8696476808000038	0.747637424076064	1	0.4654027301053216	0.9999475225240652
PPP2R1A	1	8	0	1	1	1.5518948150736185	2.6911682778448793	2.6911682778448793	1.0632819722650233	0.29597347756146086	0.3999523144882682	0.4275184620099504	0.3912511933370646	0.7105527971551545	0.8696476808000038	0.8635849288112688	1	0.4663680118010875	0.9999475225240652
NOTCH2	12	29	2	2	1	1.1627566045387163	2.5666100691385454	2.5666100691385454	0.25377684613121504	0.5437625451771151	0.11329704511056173	0.2664900567082331	0.6287526499485107	0.8719505901952556	0.8696476808000038	0.8635161564200255	1	0.4668849361058668	0.9999475225240652
AMER1	2	9	2	0	0	1.663468503364411	3.697061433137721	3.697061433137721	0	0.20567845318228628	0.13473169138488705	0.16828739065918785	1	0.6530282364699684	0.8696476808000038	0.747637424076064	1	0.46818933761307546	0.9999475225240652
TBL1XR1	1	6	1	0	1	1.6340455129717355	2.3460356793339168	2.3460356793339168	1.2181288614298325	0.30309831773364415	0.4600561673814877	0.46617273094475153	0.3670537589907148	0.7105527971551545	0.8696476808000038	0.8635849288112688	1	0.4731967194185751	0.9999475225240652
RNF43	2	4	0	0	1	0.6304639655477489	0	0	0.8001739332096475	0.3617758953990853	0.28570737348767694	0.3878506104398475	0.4418914721932058	0.7906553842996138	0.8696476808000038	0.8635161564200255	1	0.47368627174749145	0.9999475225240652
TNFRSF14	3	4	0	0	1	1.5454613165521267	0	0	2.20893085787452	0.44025991248252894	0.6090937053943255	0.6475628158094013	0.2653431273552008	0.8178482432398463	0.8696476808000038	0.913962197876927	1	0.4744590881502373	0.9999475225240652
FOXA1	0	4	1	0	0	1.3956955287409905	12.387900569220866	12.387900569220866	0	0.5517991119962495	0.07536721069336305	0.17830451303218076	1	0.8744886511753428	0.7855582345346688	0.7567429521669201	1	0.4857482882673635	0.9999475225240652
CDKN1A	3	2	0	0	1	0.9567959803308468	0	0	3.1524440383736874	0.9515543396986392	0.5852778441552484	0.8604320849019143	0.2110401240487824	0.9773795806849612	0.8696476808000038	0.9333376785266692	1	0.4913758984260941	0.9999475225240652
HNRNPH2	2	3	0	0	0	3.703238173893132	0	0	0	0.06887968326742622	0.7671821782314222	0.18231989024835493	1	0.4148087592327223	0.8736005469195196	0.7601336962662183	1	0.4926269753257879	0.9999475225240652
NCOR1	8	27	2	0	3	1.3664732322186606	1.1090667900916984	1.1090667900916984	0.7709992179062232	0.23119673716385036	0.8886210801729388	0.4880607255259118	0.3918631538256336	0.6627875619587973	0.905324483935588	0.8701608987994874	1	0.507615728030094	0.9999475225240652
ERBB4	7	17	0	0	0	1.2200487195148562	0	0	0	0.5113342650873962	0.10182032482457803	0.19175834558010152	1	0.8501324284581863	0.8696476808000038	0.7607658944197956	1	0.5084509573957452	0.9999475225240652
ALB	3	5	1	0	2	0.9553278565015032	1.7152474201693373	1.7152474201693373	2.056840536512668	0.924531803933711	0.6248205402256877	0.8804029951290712	0.21874427786902167	0.9700499239037046	0.8696476808000038	0.9430403623714556	1	0.5098113128177749	0.9999475225240652
KLF5	3	3	0	0	1	0.6437965739387461	0	0	1.369730051607781	0.4414023969546662	0.4451259699856479	0.5636148275370075	0.3463331580333624	0.8178482432398463	0.8696476808000038	0.913962197876927	1	0.5141017686172366	0.9999475225240652
FIP1L1	2	8	0	1	1	1.592775200023918	2.3483436966326527	2.3483436966326527	0.7380427807486631	0.2679183600925149	0.45942083604822537	0.4315103328457446	0.4561730400827917	0.6914845293816337	0.8696476808000038	0.8635849288112688	1	0.5167821564467238	0.9999475225240652
ARID1B	13	23	3	0	3	1.090127592945444	2.0955929411491603	2.0955929411491603	0.8218380309646687	0.7444098393077199	0.26524717646460905	0.5287273975310137	0.3789901928689275	0.9459296888263076	0.8696476808000038	0.8955320295681546	1	0.5225028243279337	0.9999475225240652
PTPRT	1	7	0	0	0	2.1003086889742075	0	0	0	0.10554549647431566	0.47308358126736416	0.20206656215972107	1	0.5608397949909714	0.8696476808000038	0.7712681457082311	1	0.5252029458617934	0.9999475225240652
FGA	5	10	0	0	1	1.1744466240797744	0	0	0.72357135367516	0.6635756647096902	0.2564922313964434	0.4655491983459318	0.45965803765857993	0.9215707539269904	0.8696476808000038	0.8635849288112688	1	0.5439306343542267	0.9999475225240652
SF3B1	4	14	0	0	0	1.291184446559872	0	0	0	0.43874757117908514	0.13066648832531835	0.2147745546151011	1	0.8178482432398463	0.8696476808000038	0.7973137575437315	1	0.5451335547030027	0.9999475225240652
NOTCH4	7	13	2	0	2	0.7516304230429706	1.7066567864457989	1.7066567864457989	0.626084195245872	0.3754803723087953	0.496863143607728	0.4945999251648444	0.4469224508312373	0.7949623507475275	0.8696476808000038	0.874642904348546	1	0.5546921291799717	0.9999475225240652
PSIP1	1	6	0	0	0	2.0744597798768285	0	0	0	0.13604655062720872	0.41269463047410326	0.2270844059570528	1	0.6488967402379572	0.8696476808000038	0.8205316535248175	1	0.5637219362673961	0.9999475225240652
GTF2I	0	4	0	0	0	2.564386921816974	0	0	0	0.11837464547891507	0.5211876662993857	0.2360252496721635	1	0.6169140177843458	0.8696476808000038	0.8368273664594285	1	0.576802397097402	0.9999475225240652
JAK2	6	5	1	0	1	0.5751368371166623	1.0044432436801674	1.0044432436801674	0.5536949370135602	0.2200261899307744	0.9965201478570282	0.46910711731375265	0.5060104637109675	0.6552428293542841	0.9965201478570282	0.8635849288112688	1	0.5787446187277969	0.9999475225240652
PIK3CG	0	5	0	0	1	1.7555886606508302	0	0	0.5687546361163769	0.28062747038265057	0.5959980205939636	0.480311222982348	0.5014349911115583	0.6977068300339294	0.8696476808000038	0.8677622761881086	1	0.5837121447725397	0.9999475225240652
ACVR1	2	4	1	0	1	0.7704084285890922	2.2759297188895844	2.2759297188895844	1.230071301247772	0.614799060335941	0.4741394107730601	0.6673749489362975	0.3653233908940894	0.9005975424380541	0.8696476808000038	0.913962197876927	1	0.5879118802579942	0.9999475225240652
FGFR1	5	9	0	0	1	1.1466704522707123	0	0	0.7345859058973814	0.7217566198439314	0.2964012061685001	0.5347169125124562	0.45699981268857615	0.9312523649063446	0.8696476808000038	0.9000514490116499	1	0.5886985777200845	0.9999475225240652
EPHA5	0	3	0	0	2	1.2699792564457322	0	0	1.2087405850411632	0.7044000157961395	0.5540538179893051	0.777946123784726	0.3186993468525682	0.9268025150326318	0.8696476808000038	0.928705413328736	1	0.5936966525828737	0.9999475225240652
FAT4	17	58	3	0	9	1.0963955432920618	1.2635903933669106	1.2635903933669106	1.133285281559067	0.6481170681715751	0.7049191517038601	0.861012618567038	0.28925448085416217	0.9147902368463378	0.8696476808000038	0.9333376785266692	1	0.595257247128191	0.9999475225240652
RUNX1	2	3	0	0	1	0.8919192960582578	0	0	1.3042336042336042	0.848545633404765	0.41798756083293487	0.7099567701928093	0.35496466274188776	0.9639049822965036	0.8696476808000038	0.91539286973498	1	0.5993513844383523	0.9999475225240652
ATM	8	19	3	0	6	0.9447331977399844	1.2305082599159338	1.2305082599159338	1.2312784369702916	0.8427936183937129	0.7380773674686378	0.9149494430650884	0.27811321757495866	0.9639049822965036	0.8696476808000038	0.95734092305266	1	0.6027162760023274	0.9999475225240652
GNA11	0	2	0	0	1	0.7793963409583701	0	0	1.7426010101010103	0.7250710295027258	0.6248399502060208	0.8360999526801344	0.3046546988215316	0.9312523649063446	0.8696476808000038	0.928705413328736	1	0.6030750539620019	0.9999475225240652
PIK3CA	4	10	0	0	0	1.1692846862221518	0	0	0	0.6733247574817126	0.1178873996769202	0.25562644744649266	1	0.9215707539269904	0.8696476808000038	0.8635161564200255	1	0.6043106585285556	0.9999475225240652
IDH2	1	3	0	0	1	0.872337414910561	0	0	1.384848484848485	0.8194477765744662	0.4578446381893251	0.7424987571304548	0.3444049543021913	0.9639049822965036	0.8696476808000038	0.91539286973498	1	0.604438592283739	0.9999475225240652
HNF1B	1	5	0	0	1	1.091818973892755	0	0	1.1242587161942	0.8584863320204821	0.3851364276210956	0.6712971317688556	0.3813111068221846	0.9639049822965036	0.8696476808000038	0.913962197876927	1	0.604783205904661	0.9999475225240652
AXIN1	5	9	0	0	1	1.1786423906795398	0	0	0.7269251027072581	0.6696918089651767	0.3334769918617828	0.5620367067353927	0.4588447677547788	0.9215707539269904	0.8696476808000038	0.913962197876927	1	0.6073849884871189	0.9999475225240652
HNRNPF	2	5	0	0	1	1.2306600189777146	0	0	1.508020104895105	0.6769658175185647	0.606538447639875	0.7997943414148528	0.3295175831802324	0.9218981736056836	0.8696476808000038	0.928705413328736	1	0.6149921977783777	0.9999475225240652
TCF7L2	1	4	0	0	1	1.3783818736981677	0	0	1.0118328445747802	0.5653616427283963	0.511637176835469	0.6778834013773518	0.40010099722831693	0.8777782780431759	0.8696476808000038	0.913962197876927	1	0.6251170120550311	0.9999475225240652
MTOR	7	25	3	0	4	1.13501190624487	1.3032570076776655	1.3032570076776655	0.9840570409982176	0.6353549721836171	0.6721581257087661	0.8416483938542304	0.3338816625433053	0.9063245997913062	0.8696476808000038	0.9309661825897814	1	0.6377154900964704	0.9999475225240652
MET	7	12	0	1	2	0.7832164583085888	0.7520182893742834	0.7520182893742834	0.8904703529259953	0.4617372000579206	0.7689564229741501	0.744858188907267	0.3787035079294184	0.8178482432398463	0.8736005469195196	0.91539286973498	1	0.6390709688564057	0.9999475225240652
PDX1	1	0	0	0	0	0	0	0	0	0.12234568192687512	0.7132668899187936	0.2842076799306379	1	0.625578864192135	0.8696476808000038	0.8635161564200255	1	0.6417551632361158	0.9999475225240652
PIK3CB	6	10	0	0	0	1.1470840748384885	0	0	0	0.7088846415146735	0.13220821530494276	0.2883167867560774	1	0.9268025150326318	0.8696476808000038	0.8635161564200255	1	0.6468950624124244	0.9999475225240652
HNF4A	4	2	0	1	0	0.47308867697009566	3.457861582988167	3.457861582988167	0	0.2523722980158729	0.3071728481032905	0.29347065783972015	1	0.6705185564931525	0.8696476808000038	0.8635161564200255	1	0.653259115891102	0.9999475225240652
MGA	8	23	1	0	4	0.9705753951660268	0.5511576527774653	0.5511576527774653	0.8184427444701419	0.9121686730944868	0.5178059107589981	0.8110567217332545	0.37192364728254657	0.9695597977471906	0.8696476808000038	0.928705413328736	1	0.6631752743632643	0.9999475225240652
ACVR2A	3	2	0	0	0	0.4633661485020754	0	0	0	0.23884839265845048	0.3128309141312675	0.3111445954058587	1	0.6668831241654846	0.8696476808000038	0.8635161564200255	1	0.67440514445949	0.9999475225240652
FOXA2	0	3	0	0	1	1.0920903868554266	0	0	1.35201802507837	0.8865822014131598	0.6774666768219963	0.9071384391438482	0.34862212829295613	0.9685107860605612	0.8696476808000038	0.9565545408870928	1	0.6803223445761385	0.9999475225240652
ETV6	1	2	0	0	0	0.4307937705599558	0	0	0	0.1942842858330558	0.4145324530462328	0.3175189436807164	1	0.6530282364699684	0.8696476808000038	0.8635161564200255	1	0.6817823268489619	0.9999475225240652
EGFR	9	14	0	0	0	1.0751007252271412	0	0	0	0.8202508230142651	0.14299547142253055	0.32454354176760647	1	0.9639049822965036	0.8696476808000038	0.8635161564200255	1	0.6897639335718089	0.9999475225240652
CIC	9	27	1	0	2	1.2545441630518626	0.940022248723324	0.940022248723324	0.4988758358937285	0.3805230329260293	0.950905767273128	0.6723358769594141	0.48930248200563187	0.7978408383001492	0.9615502348172302	0.913962197876927	1	0.6947213752872512	0.9999475225240652
CDK4	1	6	1	0	0	1.9519975199908648	2.064584244150398	2.064584244150398	0	0.16895895109746262	0.5226108845544556	0.3310623053181716	1	0.6488967402379572	0.8696476808000038	0.8635161564200255	1	0.697034696288732	0.9999475225240652
TERT	2	5	0	0	0	2.090207311349169	0	0	0	0.16424168333681466	0.6304891264125071	0.3351342063974405	1	0.6488967402379572	0.8696476808000038	0.8635161564200255	1	0.7015110348560532	0.9999475225240652
AKT1	2	2	0	0	0	0.44756715359123306	0	0	0	0.21687284606013713	0.3976068124618346	0.33527300276946714	1	0.6530282364699684	0.8696476808000038	0.8635161564200255	1	0.7016627416729854	0.9999475225240652
FAT2	20	46	1	1	6	0.9700066366298914	0.8381644580671499	0.8381644580671499	0.8652915360501566	0.8842903950320812	0.8017566925808164	0.9633487175021584	0.3522343032324695	0.9685107860605612	0.8841207155206122	0.9768749400086534	1	0.706065838858671	0.9999475225240652
TRAF3IP2	1	2	0	0	0	0.45482097232809177	0	0	0	0.22830006309335335	0.3829250156459998	0.34059614033805696	1	0.6627875619587973	0.8696476808000038	0.8635161564200255	1	0.7074378845053616	0.9999475225240652
STK11	6	7	0	0	0	1.8002144791992802	0	0	0	0.18705300268238567	0.5538088910708867	0.34606327613459553	1	0.6488967402379572	0.8696476808000038	0.8635161564200255	1	0.7132826605782122	0.9999475225240652
SUFU	2	6	0	1	0	1.691607126697056	3.378769805263203	3.378769805263203	0	0.2708745562643057	0.3150971712802082	0.3464778729783763	1	0.6925189127134608	0.8696476808000038	0.8635161564200255	1	0.7137223549846655	0.9999475225240652
NTRK3	1	4	0	0	0	2.217694784908433	0	0	0	0.17824885939030533	0.6186528385037239	0.35358120056468767	1	0.6488967402379572	0.8696476808000038	0.8635161564200255	1	0.7211791079051781	0.9999475225240652
CDKN2A.p14arf	0	0	0	0	0	0	0	0	0	0.15593427177026775	0.8287758047289122	0.3573332845049084	1	0.6488967402379572	0.8851084159952816	0.8635161564200255	1	0.7250600945156382	0.9999475225240652
CDKN2A.p16INK4a	0	0	0	0	0	0	0	0	0	0.15810183989328064	0.8002763639011369	0.35811021345441785	1	0.6488967402379572	0.8841207155206122	0.8635161564200255	1	0.725858777498124	0.9999475225240652
AKT3	0	0	0	0	0	0	0	0	0	0.17818385947299142	0.6265494911591201	0.36038128487606613	1	0.6488967402379572	0.8696476808000038	0.8635161564200255	1	0.7281837874379511	0.9999475225240652
BCL2	0	0	0	0	0	0	0	0	0	0.16002873576714505	0.8192378923696483	0.36345733912752853	1	0.6488967402379572	0.8851084159952816	0.8635161564200255	1	0.7313100951783321	0.9999475225240652
DIS3	2	2	0	0	1	0.8743853976584222	0	0	0.6541567921129965	0.8517778953647414	0.4748308137639444	0.7630517579901563	0.4773034022245136	0.9639049822965036	0.8696476808000038	0.921127350085618	1	0.7320682515447577	0.9999475225240652
FOXL2	0	0	0	0	0	0	0	0	0	0.16728558664757698	0.8359775838188629	0.3774966792890304	1	0.6488967402379572	0.8851084159952816	0.8635161564200255	1	0.7452514931351699	0.9999475225240652
IFNGR1	0	0	0	0	0	0	0	0	0	0.1793997615124047	0.704384664700821	0.3787945030725055	1	0.6488967402379572	0.8696476808000038	0.8635161564200255	1	0.7465135962481706	0.9999475225240652
TSC1	2	6	0	0	0	0.70647673345083	0	0	0	0.424189218435114	0.24176330467735296	0.383376129608331	1	0.8178482432398463	0.8696476808000038	0.8635161564200255	1	0.750933665579881	0.9999475225240652
PRSS1	0	2	0	1	0	1.082163086622305	6.079911023495314	6.079911023495314	0	0.9153336868927822	0.16675382551150353	0.38367893511009377	1	0.9695597977471906	0.8696476808000038	0.8635161564200255	1	0.7512238573836841	0.9999475225240652
KIT	4	11	0	0	0	1.185098829114232	0	0	0	0.635430531218997	0.20400216964387308	0.3837541847161413	1	0.9063245997913062	0.8696476808000038	0.8635161564200255	1	0.7512959353035505	0.9999475225240652
TP63	1	9	0	0	0	1.3070966421473165	0	0	0	0.49769636013715424	0.24910990069082128	0.3913599130624763	1	0.8377373515352099	0.8696476808000038	0.8635161564200255	1	0.7585054680700307	0.9999475225240652
MEF2BNB-MEF2B	0	0	0	0	0	0	0	0	0	0.1886926534187805	0.6965862341079965	0.3916525448490812	1	0.6488967402379572	0.8696476808000038	0.8635161564200255	1	0.7587798846622976	0.9999475225240652
AJUBA	1	2	1	0	0	0.6025872450024606	3.992687223706045	3.992687223706045	0	0.4573127748907756	0.2637558056988707	0.39241018589474175	1	0.8178482432398463	0.8696476808000038	0.8635161564200255	1	0.7594893500294864	0.9999475225240652
U2AF1	2	4	0	0	0	1.9567682491283167	0	0	0	0.24854315697680415	0.4892152467687717	0.3981844839608636	1	0.6668831241654846	0.8696476808000038	0.8635161564200255	1	0.7648486258586792	0.9999475225240652
PAX5	1	6	0	0	0	1.7437398581265962	0	0	0	0.24694729191821052	0.5089906152018407	0.40367330039971294	1	0.6668831241654846	0.8696476808000038	0.8635161564200255	1	0.7698652888352824	0.9999475225240652
GRIN2A	3	2	0	0	0	0.4476046526863145	0	0	0	0.21600293721058103	0.5823160347244154	0.404420613459631	1	0.6530282364699684	0.8696476808000038	0.8635161564200255	1	0.7705425221050498	0.9999475225240652
GATA2	2	3	1	0	0	0.8024093964098261	5.106937009532408	5.106937009532408	0	0.7092985031844088	0.20176001047835612	0.40467362311934774	1	0.9268025150326318	0.8696476808000038	0.8635161564200255	1	0.7707714925782847	0.9999475225240652
FRMPD3	0	3	0	0	1	1.4847274473390162	0	0	0.3464032930073792	0.5387176306342469	0.5801062258966709	0.706452384014445	0.5824431080455588	0.8690028446540531	0.8696476808000038	0.91539286973498	1	0.7768617561476565	0.9999475225240652
MEF2B	0	0	0	0	0	0	0	0	0	0.20138394471371424	0.7043930929517657	0.41236336558246545	1	0.6530282364699684	0.8696476808000038	0.8635849288112688	1	0.7776556026837234	0.9999475225240652
SPEN	6	9	2	0	0	0.9721967378998922	2.969641000339975	2.969641000339975	0	0.9404039744365696	0.19942814233096173	0.4316000320786	1	0.9727079277569096	0.8696476808000038	0.8635849288112688	1	0.7942545362344011	0.9999475225240652
ALK	3	5	0	0	0	1.787006920027299	0	0	0	0.2636788068569307	0.5286265657360771	0.43288791341806654	1	0.6870861217137328	0.8696476808000038	0.8635849288112688	1	0.7953347666292352	0.9999475225240652
POLE	1	6	0	0	0	1.6322078683721155	0	0	0	0.3041480607749001	0.4500924005625488	0.4336874002701144	1	0.7105527971551545	0.8696476808000038	0.8635849288112688	1	0.7960034203192281	0.9999475225240652
CNBD1	0	2	0	0	0	2.8452906893365566	0	0	0	0.2168628424162269	0.7365610707224373	0.4395920587196108	1	0.6530282364699684	0.8696476808000038	0.8635849288112688	1	0.8008963418854775	0.9999475225240652
MAPK1	0	4	0	0	0	1.8816663049669131	0	0	0	0.27656998706017955	0.5222594389973945	0.4445599326125722	1	0.6947371315834069	0.8696476808000038	0.8635849288112688	1	0.804951511715667	0.9999475225240652
GPAM	3	6	0	0	0	0.9084606533825612	0	0	0	0.8290856357365122	0.20871719819732193	0.44851037125879045	1	0.9639049822965036	0.8696476808000038	0.8635849288112688	1	0.8081365150099133	0.9999475225240652
FOXP1	3	5	0	0	0	0.8148350690787559	0	0	0	0.6655119859065967	0.22754626827731303	0.44971561555157136	1	0.9215707539269904	0.8696476808000038	0.8635849288112688	1	0.809101290247735	0.9999475225240652
FOXQ1	0	0	0	0	0	0	0	0	0	0.21181818891105464	0.8557136715526338	0.451351225577566	1	0.6530282364699684	0.8851084159952816	0.8635849288112688	1	0.8104054006700854	0.9999475225240652
H3F3A	0	0	0	0	0	0	0	0	0	0.23150244502389208	0.6978579906658571	0.4542694359738646	1	0.6627875619587973	0.8696476808000038	0.8635849288112688	1	0.8127174511057281	0.9999475225240652
HOXB3	1	1	0	0	0	0.3572382625756554	0	0	0	0.23234250326968908	0.69410589104097	0.4557505506791695	1	0.6627875619587973	0.8696476808000038	0.8635849288112688	1	0.8138837346460405	0.9999475225240652
BCORL1	10	7	1	0	1	0.8204299078657786	1.6477977078659944	1.6477977078659944	0.35125216329023723	0.6248217678500546	0.6480713365297743	0.7880168096983753	0.5802864449129137	0.9054903694511488	0.8696476808000038	0.928705413328736	1	0.8150794850341535	0.9999475225240652
ERCC5	1	1	0	0	0	0.3868159525356802	0	0	0	0.27686941037272306	0.54749686535287	0.4666130963211639	1	0.6947371315834069	0.8696476808000038	0.8635849288112688	1	0.8222911931077581	0.9999475225240652
ZNF750	2	9	0	0	0	1.4931516516648238	0	0	0	0.3139457629348966	0.4996473344563299	0.4698655887456533	1	0.7271735192765555	0.8696476808000038	0.8635849288112688	1	0.8247591118566713	0.9999475225240652
CHEK2	1	5	0	0	0	1.587359603611587	0	0	0	0.3690419691407273	0.42240467504770074	0.4744296440952326	1	0.7932115409400006	0.8696476808000038	0.8635849288112688	1	0.8281842870150685	0.9999475225240652
INS	0	0	0	0	0	0	0	0	0	0.24418058799203543	0.7112977334532595	0.47481237783350205	1	0.6668831241654846	0.8696476808000038	0.8635849288112688	1	0.828469515005624	0.9999475225240652
DNMT3B	0	3	0	0	0	1.9892867497782964	0	0	0	0.302874714806337	0.5769036925860791	0.49905085340337674	1	0.7105527971551545	0.8696476808000038	0.874642904348546	1	0.8459147905427373	0.9999475225240652
ROBO2	7	15	0	1	1	0.9718731914667812	0.6779687001847896	0.6779687001847896	0.4356502525252526	0.9270956837308468	0.6837069674534098	0.9193708188915736	0.5459860989939808	0.9700499239037046	0.8696476808000038	0.9582672766139094	1	0.8479308633146263	0.9999475225240652
ERBB3	8	19	1	0	0	1.3680553566233686	0.7169322126230441	0.7169322126230441	0	0.28323312525493793	0.729452591549035	0.5049943242324777	1	0.697783426764438	0.8696476808000038	0.874642904348546	1	0.8500105314035361	0.9999475225240652
IL7R	2	2	0	0	0	0.542002620675995	0	0	0	0.36041952443965863	0.4556039843241978	0.5058242669281905	1	0.7906553842996138	0.8696476808000038	0.874642904348546	1	0.8505768733471936	0.9999475225240652
HLA-B	0	0	0	0	0	0	0	0	0	0.26192244650559116	0.7475595075809509	0.5067119408956521	1	0.6870861217137328	0.8719981020036445	0.874642904348546	1	0.8511811032777145	0.9999475225240652
NF2	1	2	1	0	0	0.6050295428260423	2.767083361309909	2.767083361309909	0	0.46117881129388416	0.3886267317028883	0.5104862449052547	1	0.8178482432398463	0.8696476808000038	0.8755808377805319	1	0.853732900798513	0.9999475225240652
SMAD2	2	5	0	0	0	1.3185455239065884	0	0	0	0.5818973059712896	0.33123975930733174	0.5260178040727581	1	0.8777782780431759	0.8696476808000038	0.8955320295681546	1	0.8639422768421947	0.9999475225240652
GATA1	0	3	0	0	0	2.000859338200359	0	0	0	0.29917200385354337	0.7023469806355949	0.5400757458800123	1	0.7105527971551545	0.8696476808000038	0.9034600440338476	1	0.8727871835380486	0.9999475225240652
CRLF2	1	3	0	0	0	1.8802154400318951	0	0	0	0.340097489929722	0.6305575596338225	0.5618570656568977	1	0.7617059485202864	0.8696476808000038	0.913962197876927	1	0.8857720425644603	0.9999475225240652
ERG	3	3	0	0	0	0.6591833970913211	0	0	0	0.46770372334256394	0.44591097142056646	0.582329757426587	1	0.8181674946486086	0.8696476808000038	0.913962197876927	1	0.8972061710793394	0.9999475225240652
ARID5B	1	6	1	0	0	0.7402274499555969	2.2643131922253663	2.2643131922253663	0	0.49282187821763745	0.47676023221956576	0.5915918276668377	1	0.8377373515352099	0.8696476808000038	0.913962197876927	1	0.9021410727681344	0.9999475225240652
ERCC2	1	8	1	0	0	1.2918120474485435	2.734430170973595	2.734430170973595	0	0.5354953583397518	0.39342519113527896	0.5918518548585623	1	0.8689774976651062	0.8696476808000038	0.913962197876927	1	0.9022775138787156	0.9999475225240652
FOXP3	0	0	0	0	0	0	0	0	0	0.32085287994424616	0.8069699498277535	0.5933268862212053	1	0.7368739869905993	0.8841207155206122	0.913962197876927	1	0.9030493297020856	0.9999475225240652
PIGR	3	8	0	0	0	1.1761736032838694	0	0	0	0.6897750812264958	0.3623354808064341	0.6009188357949948	1	0.9268025150326318	0.8696476808000038	0.913962197876927	1	0.9069640359372249	0.9999475225240652
PREX2	2	14	0	2	0	1.1942608342633707	2.098303015102832	2.098303015102832	0	0.5927432652468678	0.36152339945394785	0.600958130236138	1	0.8777782780431759	0.8696476808000038	0.913962197876927	1	0.906984047130714	0.9999475225240652
KLF4	2	5	0	0	0	1.484806194011841	0	0	0	0.4376199169588699	0.5341472500216882	0.6035974293627691	1	0.8178482432398463	0.8696476808000038	0.913962197876927	1	0.9083222702654796	0.9999475225240652
MAP3K1	0	4	0	0	0	1.5572451186894922	0	0	0	0.43534773067886934	0.5462957498909758	0.6091798641192219	1	0.8178482432398463	0.8696476808000038	0.913962197876927	1	0.911114814580292	0.9999475225240652
NFKBIZ	2	6	0	0	0	0.9233198464671168	0	0	0	0.8583405670882652	0.32421993498519364	0.6092566011963767	1	0.9639049822965036	0.8696476808000038	0.913962197876927	1	0.911152843843549	0.9999475225240652
EIF1AX	0	0	0	0	0	0	0	0	0	0.35795122291832815	0.7024755583924109	0.6100065286207275	1	0.7906553842996138	0.8696476808000038	0.913962197876927	1	0.9115239833452914	0.9999475225240652
DICER1	4	3	0	0	0	0.7067565443745123	0	0	0	0.5482837463650971	0.4238622394712236	0.613631383263859	1	0.8740287956761255	0.8696476808000038	0.913962197876927	1	0.9133049481119132	0.9999475225240652
ESR1	4	4	0	0	0	0.7515793769502983	0	0	0	0.5785493666883155	0.40520987076185266	0.6139771308950005	1	0.8777782780431759	0.8696476808000038	0.913962197876927	1	0.913473700344111	0.9999475225240652
SMARCB1	5	5	0	0	0	1.2713015556632947	0	0	0	0.6289294315999905	0.3973905472435956	0.6149283666057708	1	0.9063245997913062	0.8696476808000038	0.913962197876927	1	0.9139369743433828	0.9999475225240652
CBFB	0	2	0	0	0	1.9471661104808051	0	0	0	0.40809424097002533	0.6045447821955797	0.6180245677960695	1	0.8178482432398463	0.8696476808000038	0.913962197876927	1	0.91543471887891	0.9999475225240652
PHF6	0	2	0	0	0	1.7743979291972063	0	0	0	0.47097464636598874	0.5234322953987378	0.6249097273930201	1	0.8181674946486086	0.8696476808000038	0.913962197876927	1	0.918709833306054	0.9999475225240652
CD79B	0	3	0	0	0	1.6816595919044963	0	0	0	0.4262831990589392	0.5911419998349137	0.6267322870760086	1	0.8178482432398463	0.8696476808000038	0.913962197876927	1	0.9195640510512572	0.9999475225240652
ASXL2	1	3	0	0	0	1.7212237293942894	0	0	0	0.40660106704681487	0.6289711370750455	0.6273040364235848	1	0.8178482432398463	0.8696476808000038	0.913962197876927	1	0.919830932101546	0.9999475225240652
MYCN	1	2	0	0	0	2.081817254010093	0	0	0	0.3665479255040365	0.7704447627814214	0.6364440707610952	1	0.7932115409400006	0.8736005469195196	0.913962197876927	1	0.9240268833590096	0.9999475225240652
HNF1A	1	4	1	0	0	0.8725612080614241	2.856690958461358	2.856690958461358	0	0.7961501630707717	0.37599482175161514	0.6449605899634117	1	0.9639049822965036	0.8696476808000038	0.913962197876927	1	0.9278184179095836	0.9999475225240652
FGB	1	4	0	0	0	0.8581394370797034	0	0	0	0.7714296412859541	0.3789939334912834	0.656161736173769	1	0.9633983077810764	0.8696476808000038	0.913962197876927	1	0.932634152608349	0.9999475225240652
CASP8	4	3	0	0	0	0.8242149267495805	0	0	0	0.7433218066862408	0.391601580593484	0.6611795422387312	1	0.9459296888263076	0.8696476808000038	0.913962197876927	1	0.9347292576288306	0.9999475225240652
EPHA2	3	8	0	0	0	0.933543297796733	0	0	0	0.8627419782702818	0.3723718104781526	0.6654355611117997	1	0.9639049822965036	0.8696476808000038	0.913962197876927	1	0.9364764309758588	0.9999475225240652
CEBPA	2	2	0	0	0	2.0250519205181208	0	0	0	0.3827280774133557	0.8477870956465581	0.6702937382053085	1	0.7978408383001492	0.8851084159952816	0.913962197876927	1	0.9384375408015084	0.9999475225240652
CDKN1B	2	2	0	0	0	1.9526873639625129	0	0	0	0.4054404787496213	0.7517691546280267	0.6717886362342581	1	0.8178482432398463	0.8719981020036445	0.913962197876927	1	0.9390338929511098	0.9999475225240652
NPM1	0	2	0	0	0	1.7330361409426651	0	0	0	0.4880196742351953	0.5842872902728203	0.6737369207281009	1	0.8370464032768223	0.8696476808000038	0.913962197876927	1	0.9398061205351704	0.9999475225240652
ELF3	2	4	0	0	0	1.2251844868991866	0	0	0	0.7114259329919435	0.4270325161034614	0.6759498621154894	1	0.9268025150326318	0.8696476808000038	0.913962197876927	1	0.9406764152270002	0.9999475225240652
RBM10	2	5	0	1	0	1.1207004724400436	2.6492869056910364	2.6492869056910364	0	0.8171300456427457	0.4062877249040635	0.6960480132432263	1	0.9639049822965036	0.8696476808000038	0.91539286973498	1	0.9482517091918782	0.9999475225240652
EZH2	1	2	0	0	0	1.6572945454664518	0	0	0	0.5210986384344107	0.6251400247888921	0.7198885391751277	1	0.8575058960225481	0.8696476808000038	0.91539286973498	1	0.9564863042577008	0.9999475225240652
IDH1	1	4	0	0	0	1.0683068365443844	0	0	0	0.902784527871778	0.4284602896331676	0.7233574521508268	1	0.9695597977471906	0.8696476808000038	0.91539286973498	1	0.9576180489310736	0.9999475225240652
ERAS	0	1	0	0	0	2.4644260306907975	0	0	0	0.43786499686478875	0.8820888130345075	0.7318433022669089	1	0.8178482432398463	0.9020606352164208	0.91539286973498	1	0.9603166254836064	0.9999475225240652
H2BFM	0	0	0	0	0	0	0	0	0	0.4460698799686929	0.8379571545499251	0.7327262106321094	1	0.8178482432398463	0.8851084159952816	0.91539286973498	1	0.9605917272720952	0.9999475225240652
KEAP1	2	6	0	0	0	0.9423369698225684	0	0	0	0.8945181103387146	0.4353952694397248	0.7334553242428881	1	0.9685107860605612	0.8696476808000038	0.91539286973498	1	0.9608181066918486	0.9999475225240652
RP11-603J24.9	0	0	0	0	0	0	0	0	0	0.4490870425017437	0.8400138528726971	0.7359259847121136	1	0.8178482432398463	0.8851084159952816	0.91539286973498	1	0.9615798266766488	0.9999475225240652
HLA-A	0	0	0	0	0	0	0	0	0	0.45199270497707655	0.8365691636117838	0.7379599474440155	1	0.8178482432398463	0.8851084159952816	0.91539286973498	1	0.962200683821502	0.9999475225240652
MB21D2	1	3	0	0	0	1.5494259187360964	0	0	0	0.4975203588371421	0.7071838809645996	0.7383612531121575	1	0.8377373515352099	0.8696476808000038	0.91539286973498	1	0.96232251776428	0.9999475225240652
PIM1	0	1	0	0	0	2.304777803731405	0	0	0	0.4685468116339509	0.798725122986527	0.743842493210347	1	0.8181674946486086	0.8841207155206122	0.91539286973498	1	0.963964803972158	0.9999475225240652
AXIN2	3	9	1	0	0	1.1632427930592644	2.1841179113023417	2.1841179113023417	0	0.6965174089813572	0.493911852569472	0.745935321391654	1	0.9268025150326318	0.8696476808000038	0.91539286973498	1	0.9645811848129248	0.9999475225240652
TGFBR2	2	7	0	0	0	1.0765950962945372	0	0	0	0.8626696808732013	0.4598604702954125	0.7465011963521424	1	0.9639049822965036	0.8696476808000038	0.91539286973498	1	0.9647468374493082	0.9999475225240652
CDK6	0	2	0	0	0	0.8512968854193821	0	0	0	0.8225172157636972	0.4741043323458105	0.7571202018344607	1	0.9639049822965036	0.8696476808000038	0.921127350085618	1	0.9677762170267534	0.9999475225240652
DCTN5	0	0	0	0	0	0	0	0	0	0.4875245991113466	0.7960470330900382	0.7602717786237874	1	0.8370464032768223	0.8841207155206122	0.921127350085618	1	0.9686465402128837	0.9999475225240652
STAT3	1	4	0	1	0	0.8256692469781818	1.9944438913485985	1.9944438913485985	0	0.7147665152834688	0.5406581165034778	0.7647736301448858	1	0.9268025150326318	0.8696476808000038	0.921127350085618	1	0.9698671022171826	0.9999475225240652
NRAS	0	2	0	0	0	1.460513478679765	0	0	0	0.6248145486482704	0.6169925891347523	0.7806695906703217	1	0.9054903694511488	0.8696476808000038	0.928705413328736	1	0.973965940338243	0.9999475225240652
CIDEB	0	2	0	0	0	0.8793346426783138	0	0	0	0.8584645007576243	0.5095882879260205	0.7935221890759564	1	0.9639049822965036	0.8696476808000038	0.928705413328736	1	0.9770430619705528	0.9999475225240652
ZRSR2	2	2	0	0	0	0.9264084379761812	0	0	0	0.9159672712414396	0.5128625189119469	0.803653840161878	1	0.9695597977471906	0.8696476808000038	0.928705413328736	1	0.9793218405029628	0.9999475225240652
CD79A	2	2	0	0	0	1.3265215020122123	0	0	0	0.7109794042896933	0.5922148037912744	0.8068923276870603	1	0.9268025150326318	0.8696476808000038	0.928705413328736	1	0.9800232143139452	0.9999475225240652
RAC1	1	1	0	0	0	0.7313099230034209	0	0	0	0.7469703077816598	0.5685642555937376	0.8085895020996006	1	0.9459296888263076	0.8696476808000038	0.928705413328736	1	0.9803855849908792	0.9999475225240652
ERBB2	6	14	1	0	0	1.2302138837656518	1.025041862139466	1.025041862139466	0	0.5249455209669077	0.9806495447631036	0.8165393152573843	1	0.8575058960225481	0.984281580114078	0.928705413328736	1	0.982035680677118	0.9999475225240652
GCK	2	4	0	0	0	1.0070548522355889	0	0	0	0.9895306526042876	0.5261697665426897	0.8177074516981964	1	0.9943701472047798	0.8696476808000038	0.928705413328736	1	0.9822716036576966	0.9999475225240652
GNAS	3	10	0	1	0	1.0489343155975843	2.025285584808901	2.025285584808901	0	0.8970339752811841	0.5322420558464807	0.8199747208946027	1	0.9685107860605612	0.8696476808000038	0.928705413328736	1	0.9827247527016928	0.9999475225240652
XPO1	1	2	0	0	0	1.2118164307106565	0	0	0	0.7988089917643854	0.5697272986192589	0.8219309998835571	1	0.9639049822965036	0.8696476808000038	0.928705413328736	1	0.9831107066412452	0.9999475225240652
CDKN2C	0	2	0	0	0	1.3851952764968756	0	0	0	0.6717279455973039	0.6660606764782577	0.8312231715730436	1	0.9215707539269904	0.8696476808000038	0.928705413328736	1	0.9848805620902248	0.9999475225240652
PAX9	0	3	0	0	0	1.2604442978974937	0	0	0	0.7130323764142001	0.6336073865055349	0.8321075238856237	1	0.9268025150326318	0.8696476808000038	0.928705413328736	1	0.9850435705004574	0.9999475225240652
NDUFB11	0	0	0	0	0	0	0	0	0	0.5676868960985804	0.8516534560462397	0.8347206545498823	1	0.8777782780431759	0.8851084159952816	0.928705413328736	1	0.9855197484031384	0.9999475225240652
PIGA	2	3	0	0	0	1.1763510577645362	0	0	0	0.7938345981925049	0.5931299390130321	0.8360499385801039	1	0.9639049822965036	0.8696476808000038	0.928705413328736	1	0.9857588365300952	0.9999475225240652
CCND3	1	1	0	0	0	1.8145498614812392	0	0	0	0.5925156170678594	0.7910110630917888	0.8361775677203381	1	0.8777782780431759	0.8841207155206122	0.928705413328736	1	0.985781680947474	0.9999475225240652
SOX9	1	3	0	0	0	1.1507872634569911	0	0	0	0.821003114065182	0.6193391070178729	0.8601102770349209	1	0.9639049822965036	0.8696476808000038	0.9333376785266692	1	0.9897243104027592	0.9999475225240652
CDK12	0	2	0	0	0	0.991486865299774	0	0	0	0.9907008846689688	0.583139410801518	0.8601919681693299	1	0.9943701472047798	0.8696476808000038	0.9333376785266692	1	0.989736616941919	0.9999475225240652
INS-IGF2	0	1	0	0	0	1.5024489083425392	0	0	0	0.707213987977668	0.7005435548132841	0.8646382835818323	1	0.9268025150326318	0.8696476808000038	0.9334150071849469	1	0.9903947589807756	0.9999475225240652
SRSF2	0	2	0	0	0	1.435043297546802	0	0	0	0.6401702182756264	0.8014526201509342	0.8679726266074044	1	0.908304341113585	0.8841207155206122	0.9334150071849469	1	0.9908732983246572	0.9999475225240652
VHL	3	2	0	0	0	1.2243063758118673	0	0	0	0.7881642326511468	0.6784786877915232	0.8841958117937274	1	0.9639049822965036	0.8696476808000038	0.9433742716381897	1	0.9930197448082414	0.9999475225240652
PAK7	0	2	0	0	0	0.99610515964219	0	0	0	0.9957581609400892	0.6283951454348964	0.8894765402859469	1	0.9957581609400892	0.8696476808000038	0.945286833009771	1	0.9936539417412305	0.9999475225240652
RHOA	1	2	0	0	0	1.2103809523093685	0	0	0	0.7999910675100473	0.7062756426465544	0.9012300929968536	1	0.9639049822965036	0.8696476808000038	0.954036543758388	1	0.9949532270801186	0.9999475225240652
PHOX2B	0	1	0	0	0	0.8426148427430606	0	0	0	0.8630443255938667	0.6988444698936136	0.9146671344765156	1	0.9639049822965036	0.8696476808000038	0.95734092305266	1	0.9962509311396066	0.9999475225240652
KLC3	1	1	0	0	0	1.2144413887875396	0	0	0	0.8531293576450096	0.7359581138404416	0.9283350465413308	1	0.9639049822965036	0.8696476808000038	0.9585400113317788	1	0.9973684262599574	0.9999475225240652
SOX17	1	1	0	0	0	1.402394268066667	0	0	0	0.7524723631197379	0.829553156395493	0.9294614411756108	1	0.9484651646765068	0.8851084159952816	0.9585400113317788	1	0.9974515047807704	0.9999475225240652
IKZF1	0	1	0	0	0	0.922959775491179	0	0	0	0.9365423715706174	0.7162964259193312	0.933327597326885	1	0.9724252210560818	0.8696476808000038	0.9585400113317788	1	0.9977262842933065	0.9999475225240652
PBRM1	5	14	1	0	0	1.0533869628482748	0.7391337508474053	0.7391337508474053	0	0.872501064365842	0.7550012277763347	0.9343897659174016	1	0.9685107860605612	0.8719981020036445	0.9585400113317788	1	0.9977989687136236	0.9999475225240652
ZFP36L1	1	2	0	0	0	0.9075853481017933	0	0	0	0.8933511170507792	0.737559122063971	0.9373177232580124	1	0.9685107860605612	0.8696476808000038	0.9585400113317788	1	0.9979930819740598	0.9999475225240652
AC002553.1	0	0	0	0	0	0	0	0	0	0.7923522780787431	0.8679446790733187	0.9526991131566132	1	0.9639049822965036	0.8943460381325832	0.9706069912234668	1	0.9988632453780562	0.9999475225240652
HIST1H2BD	3	1	0	0	0	1.0929607341150067	0	0	0	0.931329344892604	0.8042159250305503	0.9660608262816204	1	0.970731740253445	0.8841207155206122	0.9768749400086534	1	0.999417437801424	0.9999475225240652
RHOB	2	1	0	0	0	0.9551797705594594	0	0	0	0.9638185485656564	0.8342617051183162	0.977376327946216	1	0.9782577777576512	0.8851084159952816	0.9814181236690028	1	0.9997421326852768	0.9999475225240652
AL161450.1	0	0	0	0	0	0	0	0	0	0.893212102078658	0.9598041616089992	0.989772755060316	1	0.9685107860605612	0.966940252029884	0.989772755060316	1	0.9999475225240652	0.9999475225240652
